chunk delay,broadcasting delay,real time,req chunk id,watching chunk id,bandwidth ptr,buffer size,rebuffer time,end of video
0.35613073930810474,0.08,38.753388876752645,40,38,38,1.5638692606918951,0,False
0.3467371603374015,0.08,39.18012603709005,41,39,39,2.137132100354494,0,False
0.36253042164198057,0.08,39.62265645873203,42,39,39,2.6946016787125133,0,False
0.3540426930943173,0.08,40.05669915182635,43,40,40,3.260558985618196,0,False
