chunk delay,propagation delay,real bandwidth,real time,req chunk id,watching chunk id,bandwidth ptr,buffer size,rebuffer time,end of video
0.774721035787194,0.032875255315064175,6.124995359225258,38.80759629110226,39,38,38,1.0,0,False
1.162876764540606,0.032875255315064175,6.124995359225258,40.003348310957925,40,40,40,0.9966516890420727,0.19240370889774283,False
1.1322038303756683,0.034652367839460296,6.124995359225258,41.170204509173054,41,41,41,0.8297954908269463,0.19240370889774505,False
