chunk delay,broadcasting delay,real time,req chunk id,watching chunk id,bandwidth ptr,buffer size,rebuffer time,end of video
2.3115810689160097,0.08,42.06814530354483,41,41,42,0.9318546964551698,1.3234357653711797,False
2.416869477613204,0.08,44.565014781158034,43,43,44,0.43498521884196456,2.3234357653711784,False
2.365036893626882,0.08,47.01005167478492,46,46,47,0.9899483252150837,4.32343576537118,False
2.340263446459991,0.08,49.43031512124491,48,48,49,0.5696848787550907,5.323435765371178,False
2.4005976367235324,0.08,51.91091275796844,50,50,51,0.08908724203155823,6.323435765371178,False
2.4037326935097414,0.08,54.39464545147818,53,53,54,0.6053545485218187,8.32343576537118,False
2.3696064979494618,0.08,56.844251949427644,55,55,56,0.1557480505723549,9.323435765371178,False
2.3764048579100163,0.08,59.30065680733766,58,58,59,0.6993431926623399,11.32343576537118,False
