chunk delay,propagation delay,real bandwidth,real time,req chunk id,watching chunk id,bandwidth ptr,buffer size,rebuffer time,end of video
0.727660370247524,0.30708812375705574,6.521122961906823,39.03474849400458,39,38,39,1.0,0,False
1.092237460904953,0.30708812375705574,6.521122961906823,40.43407407866659,40,39,40,0.6006744153379913,0,False
1.063427763478372,0.30708812375705574,6.521122961906823,41.80458996590202,41,40,41,0.23015852810256354,0,False
1.1118650077899286,0.30708812375705574,6.521122961906823,43.223543097449,42,42,43,0.7764569025509978,0.9652515059954185,False
1.0858335141430693,0.30708812375705574,6.521122961906823,44.616464735349126,43,43,44,0.38353526465087273,0.9652515059954185,False
1.088019766277492,0.30708812375705574,6.521122961906823,46.01157262538367,45,45,46,0.9884273746163261,1.9652515059954196,False
1.0946798181491728,0.30708812375705574,6.521122961906823,47.4133405672899,46,46,47,0.5866594327101002,1.9652515059954223,False
