epoch,loss,val_loss
0,0.45490720868110657,0.4108351171016693
